[
    {
        "name": "sendEmailReminder",
        "type": "closure",
        "action": "{}",
        "environment": null,
        "start_at": "2025-01-10 08:54:02",
        "end_at": "2025-01-10 08:54:02",
        "duration": "00:00:00",
        "output": null,
        "error": null,
        "test_time": null
    },
    {
        "name": "sendEmailReminder",
        "type": "closure",
        "action": "{}",
        "environment": null,
        "start_at": "2025-01-10 08:45:02",
        "end_at": "2025-01-10 08:45:02",
        "duration": "00:00:00",
        "output": null,
        "error": null,
        "test_time": null
    },
    {
        "name": "sendEmailReminder",
        "type": "closure",
        "action": "{}",
        "environment": null,
        "start_at": "2025-01-10 08:36:02",
        "end_at": "2025-01-10 08:36:02",
        "duration": "00:00:00",
        "output": null,
        "error": null,
        "test_time": null
    }
]