[
    {
        "name": "cronJobScheduleActivity",
        "type": "closure",
        "action": "{}",
        "environment": null,
        "start_at": "2025-01-10 10:36:03",
        "end_at": "2025-01-10 10:36:03",
        "duration": "00:00:00",
        "output": null,
        "error": null,
        "test_time": null
    },
    {
        "name": "cronJobScheduleActivity",
        "type": "closure",
        "action": "{}",
        "environment": null,
        "start_at": "2025-01-10 10:27:02",
        "end_at": "2025-01-10 10:27:02",
        "duration": "00:00:00",
        "output": null,
        "error": null,
        "test_time": null
    },
    {
        "name": "cronJobScheduleActivity",
        "type": "closure",
        "action": "{}",
        "environment": null,
        "start_at": "2025-01-10 10:18:02",
        "end_at": "2025-01-10 10:18:02",
        "duration": "00:00:00",
        "output": null,
        "error": null,
        "test_time": null
    }
]